,test_Accuracy,test_CohenKappa,test_F1,test_Recall,test_Precision,auc
0,0.90909094,0.8181818,0.90909094,0.90909094,0.90909094,0.95224977
