val_loss,auc,val_Accuracy,val_CohenKappa,val_F1,val_Recall,val_Precision,epoch,step
0.5113857984542847,0.8319559693336487,0.7121211886405945,0.42424243688583374,0.7120550870895386,0.7121212482452393,0.7123161554336548,0,152
0.4289582669734955,0.8778696060180664,0.7878788113594055,0.5757575631141663,0.7876838445663452,0.7878787517547607,0.7889400720596313,1,305
0.4417206645011902,0.8879705667495728,0.7272727489471436,0.45454543828964233,0.7232059836387634,0.7272727489471436,0.7414634227752686,2,458
0.47052475810050964,0.8806244730949402,0.7878788113594055,0.5757575631141663,0.7878788709640503,0.7878788113594055,0.7878788113594055,3,611
