val_loss,auc,val_Accuracy,val_CohenKappa,val_F1,val_Recall,val_Precision,epoch,step
0.4793335795402527,0.8714417219161987,0.8181818127632141,0.6363636255264282,0.8180147409439087,0.8181818723678589,0.8193548321723938,0,152
