,test_Accuracy,test_CohenKappa,test_F1,test_Recall,test_Precision,auc
0,0.93939394,0.8787879,0.93939394,0.93939394,0.93939394,0.97061527
