val_loss,auc,val_Accuracy,val_CohenKappa,val_F1,val_Recall,val_Precision,epoch,step
0.4497598707675934,0.865932047367096,0.8030303120613098,0.6060606241226196,0.8029850721359253,0.8030303120613098,0.8033088445663452,0,152
0.4410272240638733,0.8925620317459106,0.8636363744735718,0.7272727489471436,0.8628491759300232,0.8636363744735718,0.8721804618835449,1,305
0.42499569058418274,0.8861340284347534,0.8333333134651184,0.6666666269302368,0.8332951068878174,0.8333333730697632,0.8336397409439087,2,458
0.4903258681297302,0.8898071646690369,0.8333333134651184,0.6666666269302368,0.8329882621765137,0.8333333730697632,0.8361111283302307,3,611
