val_loss,auc,val_Accuracy,val_CohenKappa,val_F1,val_Recall,val_Precision,epoch,step
0.4578479528427124,0.8677686452865601,0.7272727489471436,0.45454543828964233,0.7250000238418579,0.7272727489471436,0.7350427508354187,0,152
0.48538145422935486,0.8732782602310181,0.8030303120613098,0.6060606241226196,0.8029850721359253,0.8030303120613098,0.8033088445663452,1,305
0.5055123567581177,0.8815426826477051,0.7727272510528564,0.5454545021057129,0.7714153528213501,0.7727272510528564,0.7791353464126587,2,458
0.543985903263092,0.8494031429290771,0.7424242496490479,0.4848484992980957,0.7409374713897705,0.7424242496490479,0.7481203079223633,3,611
