val_loss,auc,val_Accuracy,val_CohenKappa,val_F1,val_Recall,val_Precision,epoch,step
0.4676876962184906,0.8558310270309448,0.7878788113594055,0.5757575631141663,0.7878788709640503,0.7878788113594055,0.7878788113594055,0,152
0.48517632484436035,0.8741965293884277,0.8181818127632141,0.6363636255264282,0.8175115585327148,0.8181818127632141,0.82292640209198,1,305
0.6457960605621338,0.8696051836013794,0.7121211886405945,0.42424243688583374,0.6964415311813354,0.7121212482452393,0.7673611044883728,2,458
0.5629030466079712,0.8778696060180664,0.7878788113594055,0.5757575631141663,0.7876838445663452,0.7878787517547607,0.7889400720596313,3,611
