val_loss,auc,val_Accuracy,val_CohenKappa,val_F1,val_Recall,val_Precision,epoch,step
0.5984784364700317,0.7465564608573914,0.7121211886405945,0.42424243688583374,0.7104594707489014,0.7121212482452393,0.7171052694320679,0,152
0.4763294458389282,0.8714417219161987,0.7272727489471436,0.45454543828964233,0.7262673377990723,0.7272727489471436,0.7306616902351379,1,305
0.4397066533565521,0.8989899158477783,0.7727272510528564,0.5454545021057129,0.7714153528213501,0.7727272510528564,0.7791353464126587,2,458
0.4823095500469208,0.8806244134902954,0.8030303120613098,0.6060606241226196,0.8026224970817566,0.8030303120613098,0.8055555820465088,3,611
