val_loss,auc,val_Accuracy,val_CohenKappa,val_F1,val_Recall,val_Precision,epoch,step
0.46066904067993164,0.865932047367096,0.7878788113594055,0.5757575631141663,0.7876838445663452,0.7878787517547607,0.7889400720596313,0,152
0.5367646217346191,0.89439857006073,0.8484848737716675,0.6969696879386902,0.8472222089767456,0.8484848737716675,0.8603988885879517,1,305
0.49262097477912903,0.8934803009033203,0.8787878751754761,0.7575757503509521,0.8777777552604675,0.8787878751754761,0.8917379379272461,2,458
0.5509678721427917,0.8613406419754028,0.7878788113594055,0.5757575631141663,0.7878788709640503,0.7878788113594055,0.7878788113594055,3,611
