val_loss,auc,val_Accuracy,val_CohenKappa,val_F1,val_Recall,val_Precision,epoch,step
0.46797308325767517,0.8585858345031738,0.7424242496490479,0.4848484992980957,0.7423651218414307,0.7424242496490479,0.7426470518112183,0,152
0.42181968688964844,0.8861340284347534,0.8181818127632141,0.6363636255264282,0.8181818127632141,0.8181818127632141,0.8181818127632141,1,305
0.46307891607284546,0.8714417219161987,0.7575757503509521,0.5151515007019043,0.7566819787025452,0.7575757503509521,0.7614165544509888,2,458
0.5640751123428345,0.8732782602310181,0.7878788113594055,0.5757575631141663,0.7870968580245972,0.7878788113594055,0.7921714782714844,3,611
